MotID;Heiti;Stadur;Upphafsdagur;Lokadagur;LidID;EinstID;Lysing;Timastimpill;ByrjaTimi;EndaTimi;MinuturALeik;Stigaregla;Stada;MaxHrinur;TwitterTag
1;Öld2000;Reykjavík;2000-05-05 00:00:00.000;2000-05-07 00:00:00.000;27;479;25. Öldungamót BLÍ;2001-02-09 19:49:27.643;1899-12-30 08:00:00.000;1899-12-30 22:00:00.000;45;"Öld2000   ";L;NULL;NULL
2;Öldungur 2001;Akureyri;2001-04-28 00:00:00.000;2001-04-30 00:00:00.000;144;545;26. Öldungamót BLÍ;2001-03-07 21:57:51.660;1899-12-30 08:00:00.000;1899-12-30 23:00:00.000;45;"BLÍ       ";L;NULL;NULL
3;Skírdagsmót;Reykjavík;2001-04-12 00:00:00.000;2001-04-12 00:00:00.000;126;618;;2001-03-29 10:53:43.360;1899-12-30 09:00:00.000;1899-12-30 22:00:00.000;30;"BLÍ       ";L;NULL;NULL
6;Haustmót KA;Akureyri;2001-11-16 00:00:00.000;2001-11-17 00:00:00.000;144;921;Haustmót KA, 16. - 17. nóvember. Haldið í KA heimilinu Akureyri;2001-10-31 21:45:52.433;1899-12-30 08:00:00.000;1899-12-30 23:30:00.000;35;"BLÍ       ";G;NULL;NULL
7;Brosmót Aftureldingar;Varmá;2001-11-25 00:00:00.000;2001-11-25 00:00:00.000;156;265;Brosmót Aftureldingar að Varmá 25. nóv. 2001;2001-10-31 23:51:06.577;1899-12-30 10:00:00.000;1899-12-30 23:00:00.000;40;"BLÍ       ";L;NULL;NULL
8;HK trimm;Digranesi;2002-01-05 00:00:00.000;2002-01-06 00:00:00.000;110;157;Hið árlega trimmmót HK -- opið öllum!;2001-12-05 20:00:49.233;1899-12-30 09:00:00.000;1899-12-30 23:00:00.000;30;"BLÍ       ";L;NULL;NULL
9;Áramót 2002;Mosfellsbæ;2002-12-31 00:00:00.000;2002-12-31 00:00:00.000;139;479;Einstaklingsmót öldunga;2001-12-12 11:24:13.780;1899-12-30 10:00:00.000;1899-12-30 14:30:00.000;30;"BLÍ       ";F;3;NULL
10;Dímonarmót;Hvolsvelli;2002-01-26 00:00:00.000;2002-01-26 00:00:00.000;503;889;"Hið árlega Dímonarmót fyrir öldunga í blaki ";2001-12-28 20:54:40.920;1899-12-30 08:00:00.000;1899-12-30 23:00:00.000;45;"BLÍ       ";F;NULL;NULL
11;Bresamót;Akranesi;2002-03-09 00:00:00.000;2002-03-09 00:00:00.000;504;85;Árlegt blakmót Bresa haldið á Akranesi íþróttahúsinu Vesturgötu;2001-12-28 20:59:25.297;1899-12-30 08:00:00.000;1899-12-30 20:00:00.000;30;"BLÍ       ";L;2;NULL
12;Áramót 2000;Kópavogi;2000-12-31 00:00:00.000;2000-12-31 00:00:00.000;137;479;Einstaklingsmót öldunga;2002-01-02 19:46:21.327;1899-12-30 10:00:00.000;1899-12-30 13:30:00.000;45;"BLÍ       ";F;NULL;NULL
13;Þorramót Eikar;Akureyri;2002-02-15 00:00:00.000;2002-02-16 00:00:00.000;151;353;Árlegt Þorramót Eikar haldið í Höllinni;2002-01-15 09:23:07.187;1899-12-30 08:00:00.000;1899-12-30 23:00:00.000;45;"BLÍ       ";F;NULL;NULL
14;Hraðmót Fylkis (konur);Fylkishöll Árbæ;2002-04-21 00:00:00.000;2002-04-21 00:00:00.000;125;1131;Kvennadeildir á hraðmóti Fylkis;2002-01-15 09:28:26.390;1899-12-30 09:00:00.000;1899-12-30 23:00:00.000;30;"BLÍ       ";L;NULL;NULL
15;Mosöld 2002;Varmá Mosfellsbæ;2002-05-09 00:00:00.000;2002-05-11 00:00:00.000;156;479;27. Öldungamót Blaksambands Íslands;2002-01-29 10:44:12.640;1899-12-30 09:15:00.000;1899-12-30 21:15:00.000;45;"BLÍ       ";L;NULL;NULL
16;Kjörísmót Hamars;Þorlákshöfn;2002-04-27 00:00:00.000;2002-04-27 00:00:00.000;138;69;Árlegt Kjörísmót Blakdeildar Hamars;2002-03-07 13:27:44.810;1899-12-30 08:00:00.000;1899-12-30 23:00:00.000;40;"BLÍ       ";L;NULL;NULL
17;Íslandsmót BLÍ (yngri fl.);KA heimilið;2002-04-14 00:00:00.000;2002-04-14 00:00:00.000;658;678;Íslandsmót BLÍ - vor 2002 - yngri flokkar;2002-04-09 22:32:21.560;1899-12-30 09:00:00.000;1899-12-30 16:00:00.000;30;"BLÍ       ";G;NULL;NULL
18;Hraðmót Fylkis (karlar);Fylkishöll Árbæ;2002-04-21 00:00:00.000;2002-04-21 00:00:00.000;125;1131;Karladeild í hraðmóti Fylkis;2002-04-20 12:20:55.123;1899-12-30 09:00:00.000;1899-12-30 23:00:00.000;20;"BLÍ       ";L;NULL;NULL
20;De Nordiske Hospitalslege;Reykjavík;2002-06-14 00:00:00.000;2002-06-15 00:00:00.000;110;157;De Nordiske Hospitalslege;2002-05-28 21:13:15.857;1899-12-30 09:00:00.000;1899-12-30 18:00:00.000;40;"BLÍ       ";L;3;NULL
21;Haustmót KA;KA heimilið;2001-11-23 00:00:00.000;2001-11-24 00:00:00.000;144;678;;2002-09-04 10:54:22.343;1899-12-30 08:00:00.000;1899-12-30 23:00:00.000;45;"BLÍ       ";S;3;NULL
22;Haustmót KA;KA heimilið Akureyri;2002-11-15 00:00:00.000;2002-11-16 00:00:00.000;144;678;Árlegt haustmót KA;2002-09-04 11:27:51.327;1899-12-30 08:00:00.000;1899-12-30 23:45:00.000;35;"BLÍ       ";L;3;NULL
23;Afmælismót BLÍ;Mosfellsbær;2002-10-05 00:00:00.000;2002-10-05 00:00:00.000;1008;1217;Opið mót í karla og kvenna flokkum.;2002-09-18 13:33:43.843;1899-12-30 10:00:00.000;1899-12-30 20:00:00.000;45;"Öld2000   ";G;NULL;NULL
24;Búnaðarbankamót Snæfells 2002;Stykkishólmur;2002-11-09 00:00:00.000;2002-11-09 00:00:00.000;22;342;;2002-09-20 15:33:57.810;1899-12-30 09:00:00.000;1899-12-30 23:00:00.000;30;"BLÍ       ";L;3;NULL
25;Íslandsmót;;2002-10-15 00:00:00.000;2003-03-31 00:00:00.000;1008;1217;;2002-09-24 16:42:24.390;1899-12-30 08:00:00.000;1899-12-30 23:00:00.000;45;"BLÍ       ";G;5;NULL
26;Brosmót Aftureldingar 2002;Varmá;2002-11-16 00:00:00.000;2002-11-16 00:00:00.000;156;265;Brosmót Aftureldingar 2002 að Varmá;2002-10-23 13:14:19.030;1899-12-30 09:00:00.000;1899-12-30 17:00:00.000;45;"BLÍ       ";L;3;NULL
27;Íslandsmót BLÍ (yngri flokkar);Neskaupstað;2002-11-09 00:00:00.000;2002-11-10 00:00:00.000;406;185;;2002-11-04 08:15:19.577;1899-12-30 09:00:00.000;1899-12-30 19:00:00.000;40;"BLÍ       ";G;3;NULL
28;Nýársmót Völsungs;Húsavík;2003-01-11 00:00:00.000;2003-01-11 00:00:00.000;75;122;Nýársmót Völsungs Húsavík;2002-11-19 10:11:31.880;1899-12-30 08:00:00.000;1899-12-30 20:00:00.000;40;"BLÍ       ";G;3;NULL
29;HK trimm 2003;Digranesi;2003-01-04 00:00:00.000;2003-01-05 00:00:00.000;110;157;20. trimmmót HK;2002-11-27 22:00:06.727;1899-12-30 09:00:00.000;1899-12-30 23:00:00.000;30;"BLÍ       ";L;3;NULL
30;Áramót 2003;Varmá, Mosfellsfæ;2003-12-31 00:00:00.000;2003-12-31 00:00:00.000;695;479;Einstaklingsmót Öldunga;2002-12-05 09:04:13.983;1899-12-30 10:00:00.000;1899-12-30 15:00:00.000;45;"BLÍ       ";F;3;NULL
31;Kjörísmót Hamars;;2003-04-05 00:00:00.000;2003-04-05 00:00:00.000;138;322;;2002-12-11 14:57:07.200;1899-12-30 08:00:00.000;1899-12-30 23:00:00.000;40;"BLÍ       ";L;2;NULL
32;Dímonarmót;Hvolsvöllur;2003-01-25 00:00:00.000;2003-01-25 00:00:00.000;363;889;Árlegt Dímonarmót;2003-01-03 08:39:20.753;1899-12-30 10:00:00.000;1899-12-30 17:00:00.000;30;"BLÍ       ";L;2;NULL
33;Bresamót 2003;Íþróttahúsið Vesturgötu;2003-03-08 00:00:00.000;2003-03-08 00:00:00.000;148;85;hraðmót;2003-01-24 16:29:04.663;1899-12-30 08:00:00.000;1899-12-30 22:00:00.000;30;"BLÍ       ";L;2;NULL
34;28. Öldungamót BLÍ;Neskaupsstaður;2003-05-01 00:00:00.000;2003-05-03 00:00:00.000;406;588;Gleði, glaumur, gaman :-);2003-01-24 17:09:28.390;1899-12-30 07:20:00.000;1899-12-30 23:58:00.000;40;"BLÍ       ";L;3;NULL
35;Góumót Rima 2003;Ólafsfjörður;2003-03-15 00:00:00.000;2003-03-15 00:00:00.000;19;545;Trimmót fyrir fjörugt fólk á öllum aldri;2003-01-24 17:32:06.823;1899-12-30 10:00:00.000;1899-12-30 19:00:00.000;35;"BLÍ       ";O;3;NULL
36;Hraðmót Fylkis 2003;Fylkishöll;2003-04-12 00:00:00.000;2003-04-12 00:00:00.000;1034;1219;;2003-01-27 10:56:43.973;1899-12-30 09:00:00.000;1899-12-30 20:00:00.000;35;"BLÍ       ";L;2;NULL
37;Krækjumót 2003;Sauðárkrókur;2003-03-29 00:00:00.000;2003-03-29 00:00:00.000;154;567;;2003-01-29 15:20:07.583;1899-12-30 08:00:00.000;1899-12-30 23:00:00.000;45;"BLÍ       ";F;3;NULL
38;Snæfellsbæjarmót 2003;Íþróttahús Snæfellsbæjar;2003-03-22 00:00:00.000;2003-03-22 00:00:00.000;108;506;Hraðmót;2003-01-31 17:12:06.343;1899-12-30 09:00:00.000;1899-12-30 19:00:00.000;35;"BLÍ       ";L;3;NULL
39;BLÍ Landshlutamót fyrir Austurland 2003;Neskaupstaður;2003-02-08 00:00:00.000;2003-02-08 00:00:00.000;406;185;;2003-02-07 16:51:58.840;1899-12-30 10:00:00.000;1899-12-30 19:00:00.000;40;"BLÍ       ";L;3;NULL
40;Íslandsmót BLÍ (yngri flokkar vor 2003);Mosfellsbær;2003-04-12 00:00:00.000;2003-04-13 00:00:00.000;1176;265;;2003-02-26 10:47:18.043;1899-12-30 09:45:00.000;1899-12-30 23:00:00.000;45;"BLÍ       ";L;2;NULL
41;Bikarmót BLÍ 2003;;2003-03-02 00:00:00.000;2003-05-01 00:00:00.000;95;1217;;2003-03-13 10:28:47.640;1899-12-30 08:00:00.000;1899-12-30 23:00:00.000;45;"BLÍ       ";F;3;NULL
42;Krakkablak KA 2003;KA heimilið Akureyri;2003-04-27 00:00:00.000;2003-04-27 00:00:00.000;1032;678;;2003-04-25 17:09:56.670;1899-12-30 11:30:00.000;1899-12-30 14:30:00.000;15;"BLÍ       ";L;3;NULL
43;Búnaðarbankamót Snæfells 2003;Stykkishólmur;2003-11-15 00:00:00.000;2003-11-15 00:00:00.000;114;342;Opið mót;2003-09-12 08:53:16.030;1899-12-30 09:00:00.000;1899-12-30 18:00:00.000;30;"BLÍ       ";G;2;NULL
44;Haustmót KA 2003;KA heimilið Akureyri;2003-11-28 00:00:00.000;2003-11-29 00:00:00.000;1032;678;Hraðmót KA;2003-09-12 15:39:11.920;1899-12-30 08:00:00.000;1899-12-30 23:45:00.000;35;"BLÍ       ";G;3;NULL
45;Haustmót BLÍ 2003;Austurberg;2003-10-05 00:00:00.000;2003-10-05 00:00:00.000;1256;751;;2003-09-26 11:41:11.187;1899-12-30 09:00:00.000;1899-12-30 23:00:00.000;35;"BLÍ       ";L;3;NULL
46;Íslandsmót BLÍ 2003-2004;;2003-10-01 00:00:00.000;2004-05-01 00:00:00.000;1008;16;;2003-09-27 15:12:37.873;1899-12-30 08:00:00.000;1899-12-30 23:00:00.000;45;"BLÍ       ";G;5;NULL
47;Krækjumót 2004;Sauðárkrókur;2004-03-27 00:00:00.000;2004-03-27 00:00:00.000;154;223;Dagsmót;2003-11-20 08:07:08.217;1899-12-30 11:00:00.000;1899-12-30 00:00:00.000;45;"BLÍ       ";O;3;NULL
48;HK-Trimm 2004;Digranes;2004-01-02 00:00:00.000;2004-01-04 00:00:00.000;691;157;;2003-12-05 08:19:28.140;1899-12-30 10:00:00.000;1899-12-30 23:00:00.000;30;"BLÍ       ";L;3;NULL
49;Nýársmót Völsungs 2004;Húsavík;2004-01-10 00:00:00.000;2004-01-10 00:00:00.000;1448;1065;;2003-12-09 11:47:02.890;1899-12-30 09:00:00.000;1899-12-30 19:00:00.000;40;"BLÍ       ";L;2;NULL
50;Dímonarmót 2004;Hvolsvelli;2004-01-24 00:00:00.000;2004-01-24 00:00:00.000;363;889;;2003-12-11 23:18:36.640;1899-12-30 10:00:00.000;1899-12-30 16:00:00.000;30;"BLÍ       ";L;3;NULL
51;Áramót 2003;;2001-01-01 00:00:00.000;2001-01-01 00:00:00.000;1329;479;NULL;2003-12-15 04:56:08.560;1900-01-01 08:00:00.000;1900-01-01 23:00:00.000;45;"BLÍ       ";F;3;NULL
52;Hlaupársmót Aftureldingar 2004;Mosfellsbær;2004-02-28 00:00:00.000;2004-02-28 00:00:00.000;156;265;;2003-12-29 13:44:48.840;1899-12-30 09:00:00.000;1899-12-30 23:00:00.000;30;"BLÍ       ";L;2;NULL
53;Bresamót 2005;Akranes;2004-03-06 00:00:00.000;2004-03-06 00:00:00.000;504;590;Mótið er hraðmót, opið öllum;2004-01-05 23:13:44.640;1899-12-30 08:00:00.000;1899-12-30 23:00:00.000;30;"BLÍ       ";L;2;NULL
54;29. Öldungamót BLÍ;Akranes;2004-04-22 00:00:00.000;2004-04-24 00:00:00.000;504;85;Hver leikur upp á 2 unnar hrinur, leikið samkvæmt ,,rally pónt;2004-01-12 13:51:01.983;1899-12-30 08:00:00.000;1899-12-30 23:00:00.000;45;"BLÍ       ";G;2;NULL
55;Kjörísmót 2004;Hveragerði;2004-04-03 00:00:00.000;2004-04-03 00:00:00.000;1049;179;;2004-01-13 08:47:04.873;1899-12-30 08:30:00.000;1899-12-30 23:00:00.000;30;"BLÍ       ";G;2;NULL
56;Hraðmót Fylkis 2004;Fylkishöll;2004-03-27 00:00:00.000;2004-03-27 00:00:00.000;125;1219;Opið mót kvenna og karla;2004-01-13 13:17:40.983;1899-12-30 08:20:00.000;1899-12-30 17:00:00.000;20;"BLÍ       ";G;2;NULL
57;Siglómótið 2004;;2004-02-28 00:00:00.000;2004-02-28 00:00:00.000;1130;806;;2004-01-13 21:36:52.467;1899-12-30 08:00:00.000;1899-12-30 23:00:00.000;45;"BLÍ       ";S;3;NULL
58;Snæfellsbæjarmót 2004;;2004-03-20 00:00:00.000;2004-03-20 00:00:00.000;108;506;;2004-01-16 12:48:48.153;1899-12-30 09:00:00.000;1899-12-30 18:00:00.000;30;"BLÍ       ";G;2;NULL
59;Afmælismót HK og haustmót BLÍ 2004;Digranes;2004-09-25 00:00:00.000;2004-09-25 00:00:00.000;691;157;;2004-07-21 13:24:19.217;1899-12-30 09:00:00.000;1899-12-30 23:00:00.000;45;"BLÍ       ";L;3;NULL
60;Strandblak Akureyri 2004;Akureyri;2004-08-21 00:00:00.000;2004-08-21 00:00:00.000;1471;678;Strandblakmót á Akureyri;2004-08-14 00:10:51.547;1899-12-30 08:00:00.000;1899-12-30 19:00:00.000;30;"BLÍ       ";L;2;NULL
61;Íslandsmótið í strandblaki 2004;Fagralundi;2004-09-04 00:00:00.000;2004-09-05 00:00:00.000;1008;1422;Mót haldið á vegum BLÍ og verður í Fagralundi á nýja vellinum hjá HK;2004-08-20 13:50:53.140;1899-12-30 10:00:00.000;1899-12-30 21:00:00.000;45;"BLÍ       ";L;3;NULL
62;Haustmót Fylkis;Fylkishöll;2004-09-11 00:00:00.000;2004-09-11 00:00:00.000;125;1252;Mót fyrir blönduð lið.;2004-08-20 14:09:38.187;1899-12-30 10:20:00.000;1899-12-30 17:00:00.000;50;"BLÍ       ";G;3;NULL
63;Brosmót Aftureldingar;Varmá, Mosfellsbæ;2004-11-20 00:00:00.000;2004-11-20 00:00:00.000;1442;265;;2004-09-29 10:04:29.293;1899-12-30 09:00:00.000;1899-12-30 17:00:00.000;45;"BLÍ       ";L;3;NULL
64;Íslandsmót BLÍ 2004-2005;;2004-10-15 00:00:00.000;2005-03-18 00:00:00.000;39;1034;;2004-09-30 17:25:37.670;1899-12-30 08:00:00.000;1899-12-30 23:00:00.000;45;"BLÍ       ";G;5;NULL
65;Stjörnumót 2004;Íþróttahúsinu við Ásgarð;2004-10-23 00:00:00.000;2004-10-23 00:00:00.000;1021;1101;;2004-10-02 16:32:09.140;1899-12-30 08:00:00.000;1899-12-30 23:00:00.000;35;"BLÍ       ";G;2;NULL
66;Haustmót KA 2004;KA-heimilið;2004-11-19 00:00:00.000;2004-11-20 00:00:00.000;1735;15;;2004-10-03 11:41:49.483;1899-12-30 08:05:00.000;1899-12-30 23:50:00.000;35;"BLÍ       ";L;3;NULL
67;KB Bankamót Snæfells;Stykkishólmur;2004-11-06 00:00:00.000;2004-11-06 00:00:00.000;114;342;;2004-10-03 13:13:08.640;1899-12-30 09:30:00.000;1899-12-30 16:30:00.000;35;"BLÍ       ";L;3;NULL
68;30. Öldungamót BLÍ;Akureyri;2005-04-21 00:00:00.000;2005-04-23 00:00:00.000;1735;544;;2004-10-10 10:27:23.390;1899-12-30 08:30:00.000;1899-12-30 23:30:00.000;45;"BLÍ       ";L;3;NULL
69;Dímonarmót 2005;Hvolsvöllur;2005-01-29 00:00:00.000;2005-01-29 00:00:00.000;1204;889;;2004-11-02 13:02:13.553;1899-12-30 09:00:00.000;1899-12-30 16:00:00.000;40;"BLÍ       ";S;3;NULL
70;Bresamót 2005;Akranes;2005-03-05 00:00:00.000;2005-03-05 00:00:00.000;148;590;Mótið er hraðmót opið öllum;2004-11-04 13:52:14.143;1899-12-30 08:00:00.000;1899-12-30 23:00:00.000;45;"BLÍ       ";L;2;NULL
71;Nýársmót Völsungs 2005;Húsavík;2005-01-08 00:00:00.000;2005-01-08 00:00:00.000;75;74;;2004-11-04 13:57:01.813;1899-12-30 09:00:00.000;1899-12-30 19:00:00.000;40;"BLÍ       ";L;2;NULL
72;HK trimm 2005;Digranesi, Kópavogi;2005-01-08 00:00:00.000;2005-01-09 00:00:00.000;110;157;22. trimmmót HK;2004-11-11 08:18:07.080;1899-12-30 08:00:00.000;1899-12-30 23:00:00.000;30;"BLÍ       ";U;2;NULL
73;Snæfellsbæjarmót 2005;Ólafsvík;2005-02-19 00:00:00.000;2005-02-19 00:00:00.000;108;407;Blak undir jökli;2004-11-19 11:08:00.853;1899-12-30 10:00:00.000;1899-12-30 17:30:00.000;30;"BLÍ       ";L;2;NULL
74;Áramót 2004;Varmá, Mosfellsbæ;2004-12-31 00:00:00.000;2004-12-31 00:00:00.000;1015;479;Einstaklingskeppni um titilinn blakmaður ársins karla og kvenna;2004-12-09 13:16:28.700;1899-12-30 09:30:00.000;1899-12-30 13:00:00.000;30;"BLÍ       ";F;3;NULL
75;Hraðmót Fylkis 2005;Fylkishöll;2005-03-19 00:00:00.000;2005-03-19 00:00:00.000;1830;398;;2004-12-13 11:00:24.167;1899-12-30 08:30:00.000;1899-12-30 17:30:00.000;30;"BLÍ       ";G;2;NULL
76;Krækjumót 2005;Sauðárkrókur;2005-03-19 00:00:00.000;2005-03-19 00:00:00.000;1500;536;;2005-01-26 21:38:11.010;1899-12-30 10:00:00.000;1899-12-30 18:00:00.000;30;"BLÍ       ";S;3;NULL
77;Siglómótið 2005;Siglufirði;2005-04-02 00:00:00.000;2005-04-02 00:00:00.000;147;1508;;2005-01-28 17:07:29.463;1899-12-30 12:00:00.000;1899-12-30 18:00:00.000;30;"BLÍ       ";S;2;NULL
78;Kjörísmót Hamars 2005;Hveragerði;2005-04-02 00:00:00.000;2005-04-02 00:00:00.000;138;179;;2005-02-10 17:33:13.150;1899-12-30 08:30:00.000;1899-12-30 23:00:00.000;40;"BLÍ       ";L;3;NULL
79;Haustmót Fylkis 2005 - blandað mót;Fylkishöll;2005-09-10 00:00:00.000;2005-09-10 00:00:00.000;1830;1252;Blandað mót;2005-05-27 00:21:13.280;1899-12-30 10:00:00.000;1899-12-30 16:30:00.000;30;"BLÍ       ";L;2;NULL
80;Stigamót BLÍ í strandblaki 2005;Fagrilundur;2005-07-02 00:00:00.000;2005-07-02 00:00:00.000;144;952;;2005-06-21 22:00:56.233;1899-12-30 10:00:00.000;1899-12-30 17:00:00.000;30;"BLÍ       ";S;3;NULL
81;Brosmót Aftureldingar 2006;;2006-02-11 00:00:00.000;2006-02-11 00:00:00.000;1176;265;;2005-08-30 21:16:00.327;1899-12-30 09:00:00.000;1899-12-30 17:00:00.000;40;"BLÍ       ";L;2;NULL
82;Haustmót KA 2005;KA heimili;2005-11-25 00:00:00.000;2005-11-26 00:00:00.000;1746;678;;2005-09-19 15:51:48.843;1899-12-30 09:00:00.000;1899-12-30 23:00:00.000;45;"BLÍ       ";G;3;NULL
83;Stjörnumót 2005;Ásgarður Garðabær;2005-10-23 00:00:00.000;2005-10-23 00:00:00.000;1954;1101;;2005-09-20 21:42:00.030;1899-12-30 08:30:00.000;1899-12-30 19:00:00.000;30;"Öld2000   ";G;2;NULL
84;Haustmót BLÍ 2005;Austurberg;2005-10-02 00:00:00.000;2005-10-02 00:00:00.000;139;961;Hið árlega Haustmót BLÍ á vegum Þróttar R.;2005-09-22 11:56:03.060;1899-12-30 09:30:00.000;1899-12-30 18:00:00.000;40;"BLÍ       ";L;3;NULL
85;KB Bankamót Snæfells;Stykkishólmi;2005-11-12 00:00:00.000;2005-11-12 00:00:00.000;22;304;;2005-10-06 11:26:59.297;1899-12-30 09:30:00.000;1899-12-30 18:00:00.000;30;"BLÍ       ";L;2;NULL
86;HK-trimm 2006;Digranes;2006-01-14 00:00:00.000;2006-01-15 00:00:00.000;110;157;"23 HK-trimm ";2005-10-26 20:31:08.140;1899-12-30 08:30:00.000;1899-12-30 23:00:00.000;30;"BLÍ       ";L;2;NULL
87;Dímonarmót  jan.  2006;Hvolsvöllur;2006-01-28 00:00:00.000;2006-01-28 00:00:00.000;1204;889;Hraðmót öldunga;2005-11-07 21:16:09.093;1899-12-30 10:00:00.000;1899-12-30 23:00:00.000;30;"BLÍ       ";L;2;NULL
88;Bresamót 2006;Akranesi;2006-03-11 00:00:00.000;2006-03-11 00:00:00.000;148;590;Hraðmót . Leiknar 2 hrinur upp í 21.;2005-11-07 21:20:56.733;1899-12-30 08:00:00.000;1899-12-30 21:00:00.000;30;"BLÍ       ";L;2;NULL
89;Nýársmót Völsungs 2006;Húsavík;2006-01-07 00:00:00.000;2006-01-07 00:00:00.000;75;74;;2005-11-07 21:25:14.857;1899-12-30 10:00:00.000;1899-12-30 18:00:00.000;45;"BLÍ       ";G;3;NULL
90;Áramót 2005;"Varmá, Mosfellsbæ ";2005-12-31 00:00:00.000;2005-12-31 00:00:00.000;73;1022;Einstaklingskeppni um titilinn blakmaður ársins karla og kvenna;2005-12-19 08:37:12.093;1899-12-30 09:30:00.000;1899-12-30 13:30:00.000;30;"BLÍ       ";F;3;NULL
91;31. Öldungamót BLÍ;Snæfellsbær;2006-04-28 00:00:00.000;2006-04-30 00:00:00.000;1203;1079;;2006-01-09 23:34:06.090;1899-12-30 00:30:00.000;1899-12-30 23:59:00.000;45;"BLÍ       ";G;3;NULL
92;Siglómótið 2006;Siglufirði;2006-02-25 00:00:00.000;2006-02-25 00:00:00.000;147;806;Öldungamót;2006-01-16 13:39:56.750;1899-12-30 10:00:00.000;1899-12-30 18:00:00.000;30;"BLÍ       ";L;3;NULL
93;Hraðmót Fylkis 2006;Fylkishöll;2006-03-25 00:00:00.000;2006-03-25 00:00:00.000;1830;1219;Opið fyrir alla;2006-01-23 23:41:17.793;1899-12-30 08:00:00.000;1899-12-30 20:00:00.000;30;"BLÍ       ";L;2;NULL
94;Krækjumót 2006;Sauðárkróki;2006-04-01 00:00:00.000;2006-04-01 00:00:00.000;1500;567;;2006-01-25 21:13:36.357;1899-12-30 10:00:00.000;1899-12-30 23:00:00.000;45;"BLÍ       ";S;3;NULL
95;Kjörísmót Hamars 2006;;2006-04-08 00:00:00.000;2006-04-08 00:00:00.000;138;586;;2006-01-26 21:15:42.280;1899-12-30 09:00:00.000;1899-12-30 23:00:00.000;40;"BLÍ       ";L;3;NULL
96;Haustmót BLÍ 2006;Neskaupsstaður;2006-09-30 00:00:00.000;2006-09-30 00:00:00.000;1073;1504;;2006-09-11 20:45:40.950;1899-12-30 09:00:00.000;1899-12-30 23:00:00.000;45;"BLÍ       ";S;2;NULL
97;Haustmót KA 2006;KA-heimilið;2006-11-17 00:00:00.000;2006-11-18 00:00:00.000;144;15;;2006-09-11 21:56:13.013;1899-12-30 08:20:00.000;1899-12-30 23:40:00.000;40;"BLÍ       ";L;3;NULL
98;Stjörnumót 2006;Ásgarður Garðabær;2006-10-21 00:00:00.000;2006-10-21 00:00:00.000;1954;1101;;2006-09-28 22:34:52.577;1899-12-30 08:00:00.000;1899-12-30 19:00:00.000;30;"BLÍ       ";G;2;NULL
99;Brosmót Aftureldingar 2007;;2007-01-20 00:00:00.000;2007-01-20 00:00:00.000;1176;1070;;2006-09-28 22:40:41.140;1899-12-30 08:00:00.000;1899-12-30 23:00:00.000;45;"BLÍ       ";F;3;NULL
100;KB Bankamót Snæfells 2006;Stykkishólmur;2006-11-04 00:00:00.000;2006-11-04 00:00:00.000;22;293;opið kvenna og karlamót;2006-10-13 15:28:36.543;1899-12-30 10:00:00.000;1899-12-30 16:00:00.000;30;"BLÍ       ";G;2;NULL
101;Snæfellsbæjarmót 2007;Ólafsvík;2007-02-17 00:00:00.000;2007-02-17 00:00:00.000;108;702;;2006-10-19 21:36:12.293;1899-12-30 09:00:00.000;1899-12-30 23:00:00.000;35;"BLÍ       ";L;2;NULL
102;HK-Trimm 2007;Digranes;2007-01-13 00:00:00.000;2007-01-14 00:00:00.000;110;157;Mót opið öllum blökurum frÁ 3.fl. og upp úr;2006-10-19 21:42:39.513;1899-12-30 08:00:00.000;1899-12-30 20:00:00.000;30;"BLÍ       ";L;2;NULL
103;Eikarmótið 2007;Akureyri;2007-02-09 00:00:00.000;2007-02-10 00:00:00.000;1446;306;;2006-11-10 11:06:31.077;1899-12-30 08:00:00.000;1899-12-30 23:00:00.000;35;"BLÍ       ";G;3;NULL
104;Þorramót Þróttar 2007;Austurberg;2007-01-28 00:00:00.000;2007-01-28 00:00:00.000;1329;1252;Hraðmót;2006-11-15 21:36:56.700;1899-12-30 08:30:00.000;1899-12-30 16:00:00.000;40;"BLÍ       ";L;3;NULL
105;BESTA blakmót Fylkis 2007;Fylkishöll;2007-03-24 00:00:00.000;2007-03-24 00:00:00.000;1830;1219;Opið fyrir alla;2006-11-26 23:15:41.123;1899-12-30 08:00:00.000;1899-12-30 20:00:00.000;30;"BLÍ       ";L;2;NULL
106;Bresamót 2007;Íþróttahúsið Vesturgötu;2007-03-03 00:00:00.000;2007-03-03 00:00:00.000;148;590;Hraðmót;2006-12-11 22:42:36.327;1899-12-30 08:00:00.000;1899-12-30 23:00:00.000;30;"BLÍ       ";L;2;NULL
107;Nýársmót Völsungs 2007;;2007-01-07 00:00:00.000;2007-01-07 00:00:00.000;75;869;;2006-12-11 22:46:03.983;1899-12-30 09:30:00.000;1899-12-30 16:30:00.000;35;"BLÍ       ";L;3;NULL
108;Siglufjörður 2007;Siglufjörður;2007-02-24 00:00:00.000;2007-02-24 00:00:00.000;1867;1839;Öldungamót;2007-01-05 09:22:18.340;1899-12-30 11:00:00.000;1899-12-30 17:00:00.000;45;"Öld2000   ";L;3;NULL
109;32. Öldungamót BLÍ;Garðabær;2007-04-28 00:00:00.000;2007-04-30 00:00:00.000;1954;1024;;2007-01-24 08:47:02.420;1899-12-30 08:00:00.000;1899-12-30 21:30:00.000;50;"BLÍ       ";G;3;NULL
110;Kjörísmót Hamars 2007;Iða Selfossi;2007-04-14 00:00:00.000;2007-04-14 00:00:00.000;138;179;;2007-01-28 21:46:45.170;1899-12-30 08:30:00.000;1899-12-30 23:00:00.000;35;"BLÍ       ";L;2;NULL
111;Landsmót UMFI 2007;Digranes;2007-07-06 00:00:00.000;2007-07-08 00:00:00.000;110;157;Keppni Héraðssambanda og Íþróttabandalaga innan UMFI;2007-06-13 22:07:28.860;1899-12-30 09:00:00.000;1899-12-30 23:00:00.000;45;"BLÍ       ";L;3;NULL
112;Haustmót BLÍ 2007;Hvolsvöllur;2007-09-29 00:00:00.000;2007-09-29 00:00:00.000;1204;889;;2007-09-12 22:31:52.077;1899-12-30 09:00:00.000;1899-12-30 19:00:00.000;40;"BLÍ       ";L;3;NULL
113;Stjörnumót 2007;Ásgarður;2007-10-13 00:00:00.000;2007-10-13 00:00:00.000;1954;1101;;2007-09-17 09:32:39.873;1899-12-30 08:00:00.000;1899-12-30 23:00:00.000;30;"BLÍ       ";G;2;NULL
114;Haustmót KA 2007;KA heimilið;2007-11-23 00:00:00.000;2007-11-24 00:00:00.000;144;15;;2007-10-01 13:47:27.373;1899-12-30 08:20:00.000;1899-12-30 23:40:00.000;40;"BLÍ       ";L;2;NULL
115;Kaupþingsmót Snæfells;Stykkishólmur;2007-11-10 00:00:00.000;2007-11-10 00:00:00.000;22;304;Kaupþingsmót Snæfells;2007-10-15 14:02:40.123;1899-12-30 09:00:00.000;1899-12-30 16:00:00.000;45;"BLÍ       ";L;2;NULL
116;Bresamót 2008;Íþróttahúsið Vesturgötu;2008-03-01 00:00:00.000;2008-03-01 00:00:00.000;148;590;Skvísumót Bresa;2007-10-16 20:48:22.247;1899-12-30 09:00:00.000;1899-12-30 23:00:00.000;40;"BLÍ       ";L;2;NULL
117;Piparkökumót Fylkis 2007;Fylkishöll;2007-12-09 00:00:00.000;2007-12-09 00:00:00.000;1830;1219;;2007-11-03 00:17:02.873;1899-12-30 09:00:00.000;1899-12-30 23:00:00.000;40;"BLÍ       ";U;2;NULL
118;Eikarmótið 2008;;2008-01-26 00:00:00.000;2008-01-26 00:00:00.000;151;306;;2007-11-15 08:38:26.437;1899-12-30 08:00:00.000;1899-12-30 15:00:00.000;35;"BLÍ       ";L;3;NULL
119;HK-Trimm 2008;Digranes;2008-01-12 00:00:00.000;2008-01-13 00:00:00.000;110;157;Fjölliða trimmót  opið öllum.;2007-11-15 21:18:15.827;1899-12-30 08:00:00.000;1899-12-30 23:00:00.000;40;"BLÍ       ";L;3;NULL
121;33. Öldungamót BLÍ;Ísafjörður;2008-05-01 00:00:00.000;2008-05-03 00:00:00.000;55;354;;2007-12-03 09:07:25.873;1899-12-30 08:00:00.000;1899-12-30 00:00:00.000;45;"BLÍ       ";G;3;NULL
122;Nýársmót Völsungs 2008;Húsavík;2008-01-12 00:00:00.000;2008-01-12 00:00:00.000;75;869;;2007-12-05 22:21:31.843;1899-12-30 09:00:00.000;1899-12-30 15:45:00.000;45;"BLÍ       ";L;2;NULL
123;Siglómótið 2008;Siglufjörður;2008-02-23 00:00:00.000;2008-02-23 00:00:00.000;91;1053;;2008-01-03 16:55:46.107;1899-12-30 11:00:00.000;1899-12-30 17:00:00.000;30;"BLÍ       ";L;2;NULL
124;BESTA-blakmót Fylkis 2008;Fylkishöll;2008-04-05 00:00:00.000;2008-04-05 00:00:00.000;1830;1219;;2008-01-20 21:17:24.497;1899-12-30 08:00:00.000;1899-12-30 23:00:00.000;40;"BLÍ       ";G;2;NULL
125;Kjörísmót Hamars 2008;Iða Selfossi;2008-04-12 00:00:00.000;2008-04-12 00:00:00.000;138;179;;2008-01-23 09:34:24.030;1899-12-30 08:30:00.000;1899-12-30 23:00:00.000;40;"BLÍ       ";L;3;NULL
126;test;;2008-01-01 00:00:00.000;2008-01-02 00:00:00.000;1741;1677;;2008-08-30 13:25:25.717;1899-12-30 08:00:00.000;1899-12-30 23:00:00.000;45;"NEVZA     ";L;3;NULL
127;NEVZA U19 Championship 2008;Ísland - Akureyri;2008-09-05 00:00:00.000;2008-09-07 00:00:00.000;1008;678;Championship for under 19 years old youngsters,  men and women.;2008-08-30 13:35:01.687;1899-12-30 08:00:00.000;1899-12-30 23:00:00.000;30;"NEVZA     ";G;5;NULL
128;Reykjavík International Golden Games;Iceland - Reykjavík;2008-11-15 00:00:00.000;2008-11-15 00:00:00.000;1801;1022;Frestað;2008-09-02 22:17:10.293;1899-12-30 08:00:00.000;1899-12-30 18:00:00.000;45;"BLÍ       ";L;2;NULL
129;Haustmót KA 2008;Akureyri;2008-11-21 00:00:00.000;2008-11-22 00:00:00.000;144;15;;2008-09-11 17:24:49.153;1899-12-30 07:00:00.000;1899-12-30 23:40:00.000;40;"BLÍ       ";L;3;NULL
130;Eikarmót 2008;Íþróttahöllin Akureyri;2008-10-18 00:00:00.000;2008-10-18 00:00:00.000;151;2070;;2008-09-17 09:40:28.200;1899-12-30 08:00:00.000;1899-12-30 23:00:00.000;40;"BLÍ       ";L;3;NULL
131;Haustmót BLÍ 2008;Austurberg;2008-09-28 00:00:00.000;2008-09-28 00:00:00.000;139;1022;;2008-09-17 22:12:04.077;1899-12-30 09:00:00.000;1899-12-30 17:10:00.000;35;"BLÍ       ";G;3;NULL
132;Stjörnumót 2008;;2008-11-09 00:00:00.000;2008-11-09 00:00:00.000;1954;1101;;2008-09-22 09:12:52.560;1899-12-30 08:00:00.000;1899-12-30 23:00:00.000;30;"BLÍ       ";L;2;NULL
133;Afmælismót Aftureldingar 2009;;2009-01-31 00:00:00.000;2009-01-31 00:00:00.000;1176;265;;2008-09-30 21:55:27.623;1899-12-30 08:00:00.000;1899-12-30 18:00:00.000;15;"BLÍ       ";L;2;NULL
134;Piparkökumót Fylkis 2008;;2008-11-29 00:00:00.000;2008-11-29 00:00:00.000;1830;1219;;2008-09-30 21:59:17.327;1899-12-30 09:00:00.000;1899-12-30 23:00:00.000;40;"BLÍ       ";L;2;NULL
135;Siglómótið 2009;Siglufjörður;2009-02-28 00:00:00.000;2009-02-28 00:00:00.000;91;796;;2008-10-30 15:51:43.403;1899-12-30 09:00:00.000;1899-12-30 16:45:00.000;30;"BLÍ       ";G;3;NULL
136;Nýársmót Völsungs 2009;Húsavík;2009-01-10 00:00:00.000;2009-01-10 00:00:00.000;75;869;;2008-11-10 20:20:56.403;1899-12-30 09:00:00.000;1899-12-30 18:20:00.000;40;"BLÍ       ";L;2;NULL
137;HK Trimm 2009;Digranes;2009-01-10 00:00:00.000;2009-01-11 00:00:00.000;3262;1715;;2008-11-20 09:21:51.483;1899-12-30 08:00:00.000;1899-12-30 23:00:00.000;45;"BLÍ       ";L;2;NULL
138;34. Öldungamót BLÍ;Seyðisfjörður/Egilsstaðir;2009-04-30 00:00:00.000;2009-05-02 00:00:00.000;170;281;Öldungamót;2009-01-09 13:13:15.310;1899-12-30 08:00:00.000;1899-12-30 23:45:00.000;45;"BLÍ       ";L;3;NULL
139;Bresamót 2009;Akranes;2009-03-07 00:00:00.000;2009-03-07 00:00:00.000;148;590;Hraðmót;2009-01-12 09:15:49.373;1899-12-30 08:00:00.000;1899-12-30 23:00:00.000;30;"BLÍ       ";L;2;NULL
140;Þorramót Eikar 2009;Akureyri;2009-02-07 00:00:00.000;2009-02-07 00:00:00.000;151;2070;;2009-01-16 22:25:57.750;1899-12-30 09:00:00.000;1899-12-30 23:00:00.000;40;"BLÍ       ";G;3;NULL
141;Kjörísmót Hamars 2009;Hveragerði;2009-04-04 00:00:00.000;2009-04-04 00:00:00.000;138;179;;2009-01-21 11:07:29.217;1899-12-30 08:30:00.000;1899-12-30 23:00:00.000;40;"BLÍ       ";U;2;NULL
142;BESTA-blakmót Fylkis 2009;Fylkishöll;2009-04-18 00:00:00.000;2009-04-18 00:00:00.000;1830;1219;;2009-01-26 10:28:44.013;1899-12-30 08:30:00.000;1899-12-30 23:00:00.000;35;"BLÍ       ";L;2;NULL
143;Framhaldsskólamót 2009;Smárinn í Kópavogi;2009-04-03 00:00:00.000;2009-04-04 00:00:00.000;1329;952;;2009-04-02 13:04:13.653;1899-12-30 16:00:00.000;1899-12-30 23:00:00.000;30;"BLÍ       ";L;2;NULL
144;Landsmót UMFÍ 2009;KA-heimilið;2009-07-09 00:00:00.000;2009-07-11 00:00:00.000;1735;863;;2009-07-03 22:19:31.950;1899-12-30 09:00:00.000;1899-12-30 23:50:00.000;10;"BLÍ       ";L;3;NULL
145;Haustmót KA 2009;KA Heimilið;2009-11-20 00:00:00.000;2009-11-21 00:00:00.000;1735;15;Opið mót;2009-08-28 10:25:58.093;1899-12-30 08:00:00.000;1899-12-30 23:10:00.000;35;"BLÍ2009   ";G;3;NULL
147;30  ára afmælismót Eikarkvenna;Akureyri;2009-10-24 00:00:00.000;2009-10-24 00:00:00.000;1446;353;Kvennamót;2009-08-28 10:58:32.500;1899-12-30 09:00:00.000;1899-12-30 23:00:00.000;40;"BLÍ2009   ";L;3;NULL
148;Þorramót Eikar 2010;Höllin Akureyri;2010-02-05 00:00:00.000;2010-02-06 00:00:00.000;1446;353;;2009-08-28 10:58:52.530;1899-12-30 08:00:00.000;1899-12-30 23:00:00.000;35;"BLÍ       ";L;2;NULL
149;Afmælismót HK 2010;;2010-05-01 00:00:00.000;2010-05-02 00:00:00.000;691;376;Fyrir 7 flokk og uppúr;2009-08-28 11:00:18.763;1899-12-30 08:00:00.000;1899-12-30 23:00:00.000;45;"BLÍ       ";L;3;NULL
150;Stjörnumót 2009;Ásgarður;2009-10-24 00:00:00.000;2009-10-24 00:00:00.000;1021;1101;;2009-09-07 08:47:07.530;1899-12-30 08:00:00.000;1899-12-30 23:00:00.000;40;"Öld2000   ";L;2;NULL
151;Haustmót BLÍ 2009;Kópavogur;2009-09-26 00:00:00.000;2009-09-27 00:00:00.000;691;376;;2009-09-07 08:53:35.500;1899-12-30 08:00:00.000;1899-12-30 23:00:00.000;45;"Öld2000   ";L;3;NULL
152;test;test;2009-09-07 00:00:00.000;2009-09-07 00:00:00.000;3037;1233;test;2009-09-07 14:21:31.903;1899-12-30 08:00:00.000;1899-12-30 23:00:00.000;45;"BLÍ       ";G;3;NULL
153;HK trimm 2010;;2010-01-16 00:00:00.000;2010-01-17 00:00:00.000;691;376;;2009-09-09 09:05:58.217;1899-12-30 09:00:00.000;1899-12-30 23:00:00.000;45;"BLÍ       ";G;3;NULL
154;Piparkökumót Fylkis 2009;;2009-12-05 00:00:00.000;2009-12-05 00:00:00.000;1830;1219;;2009-09-09 21:42:25.310;1899-12-30 08:00:00.000;1899-12-30 23:00:00.000;40;"BLÍ       ";G;2;NULL
155;Hraðmót Fylkis 2010;Fylkishöll;2010-04-17 00:00:00.000;2010-04-17 00:00:00.000;1830;1219;;2009-09-09 21:42:57.593;1899-12-30 08:00:00.000;1899-12-30 17:00:00.000;45;"BLÍ       ";L;2;NULL
156;Íslandsmót BLÍ 2009-2010;;2009-10-03 00:00:00.000;2010-05-15 00:00:00.000;1008;952;Deildarkeppni BLÍ 2009-2010;2009-09-30 07:43:23.560;1899-12-30 08:00:00.000;1899-12-30 23:00:00.000;90;"Öld2000   ";L;5;NULL
157;Bridgestonebikarinn 2010;Fylkishöll, KA hús og Laugardalshöll;2009-11-28 00:00:00.000;2010-03-14 00:00:00.000;1008;952;;2009-09-30 07:45:50.467;1899-12-30 08:00:00.000;1899-12-30 23:00:00.000;70;"Öld2000   ";L;5;NULL
158;Brosmót Aftureldingar 2010;Varmá Mosfellsbæ;2010-01-30 00:00:00.000;2010-01-30 00:00:00.000;2455;1070;Trimmmót;2009-10-05 23:04:33.013;1899-12-30 09:15:00.000;1899-12-30 17:30:00.000;30;"BLÍ       ";L;2;NULL
159;Blakmót Snæfells 2009;Stykkishólmur;2009-11-21 00:00:00.000;2009-11-21 00:00:00.000;114;1291;;2009-10-20 22:49:15.140;1899-12-30 10:30:00.000;1899-12-30 18:00:00.000;45;"BLÍ       ";L;2;NULL
160;Kjörísmót Hamars 2010;Iða;2010-03-27 00:00:00.000;2010-03-27 00:00:00.000;1049;179;;2009-10-20 23:04:58.717;1899-12-30 08:30:00.000;1899-12-30 23:00:00.000;45;"BLÍ       ";G;2;NULL
161;Nýársmót Völsungs 2010;Íþróttahöllin Húsavík;2010-01-09 00:00:00.000;2010-01-09 00:00:00.000;1839;122;;2009-10-27 09:33:56.843;1899-12-30 09:30:00.000;1899-12-30 00:00:00.000;40;"BLÍ2009   ";L;3;NULL
162;Siglómótið 2010;Siglufjörður;2010-02-27 00:00:00.000;2010-02-27 00:00:00.000;1867;1071;;2009-11-03 08:41:23.250;1899-12-30 07:30:00.000;1899-12-30 18:00:00.000;30;"BLÍ       ";G;2;NULL
164;Bresamót 2010;Jaðarsbakki Akranesi;2010-03-06 00:00:00.000;2010-03-06 00:00:00.000;2696;2116;;2010-01-11 08:55:10.013;1899-12-30 08:00:00.000;1899-12-30 23:00:00.000;45;"BLÍ       ";U;2;NULL
165;Mosöld 2010;"Varmá ";2010-05-13 00:00:00.000;2010-05-15 00:00:00.000;2455;1070;Mosfellsbæ;2010-01-27 13:31:51.607;1899-12-30 08:00:00.000;1899-12-30 23:00:00.000;45;"BLÍ       ";L;3;NULL
166;Framhaldsskólamót 2010;Laugum, Digranesi, Smáranum;2010-02-26 00:00:00.000;2010-03-19 00:00:00.000;1008;952;;2010-02-17 23:45:01.750;1899-12-30 08:00:00.000;1899-12-30 23:00:00.000;45;"BLÍ       ";G;3;NULL
169;Grunnskólamót Akureyrar (7.-8. bekkur);KA heimilið;2010-02-28 00:00:00.000;2010-02-28 00:00:00.000;1735;678;Fyrir 7. - 8. bekk.;2010-02-21 23:49:58.903;1899-12-30 08:00:00.000;1899-12-30 14:30:00.000;30;"Öld2000   ";G;3;NULL
170;Sumarmót KA 2010;KA-heimilið;2010-04-22 00:00:00.000;2010-04-22 00:00:00.000;1735;767;Æfingamót;2010-03-31 09:18:32.420;1899-12-30 08:00:00.000;1899-12-30 18:00:00.000;30;"BLÍ       ";G;2;NULL
171;Hugins mót 2010;Seyðisfirði;2010-04-16 00:00:00.000;2010-04-17 00:00:00.000;3179;281;;2010-03-31 11:54:27.467;1899-12-30 08:00:00.000;1899-12-30 23:00:00.000;45;"BLÍ       ";L;3;NULL
172;50 ára afmælismót Stjörnunnar 2010;Ásgarður;2010-10-23 00:00:00.000;2010-10-23 00:00:00.000;1021;1101;;2010-04-27 16:29:00.810;1899-12-30 08:30:00.000;1899-12-30 23:00:00.000;40;"BLÍ       ";L;2;NULL
173;Íslandsmót BLÍ 2010-2011;;2010-10-06 00:00:00.000;2011-04-17 00:00:00.000;1008;952;;2010-08-05 22:01:20.593;1899-12-30 08:00:00.000;1899-12-30 23:00:00.000;90;"NEVZA     ";L;5;NULL
174;HK haust 2010;;2010-09-18 00:00:00.000;2010-09-19 00:00:00.000;691;2199;;2010-08-18 23:05:39.593;1899-12-30 08:00:00.000;1899-12-30 23:00:00.000;45;"BLÍ       ";U;3;NULL
175;Piparköku- og Fjallalambsmót Fylkis 2010;Fylkishöll;2010-12-11 00:00:00.000;2010-12-11 00:00:00.000;1830;1219;Aðventustemningarjólahraðmót;2010-09-01 09:45:58.140;1899-12-30 08:00:00.000;1899-12-30 15:00:00.000;40;"BLÍ       ";L;2;NULL
176;Haustmót BLÍ 2010;Akranes;2010-10-02 00:00:00.000;2010-10-03 00:00:00.000;4157;2000;;2010-09-01 09:53:57.937;1899-12-30 08:00:00.000;1899-12-30 23:00:00.000;45;"BLÍ       ";L;3;NULL
177;Kjörísmót Hamars 2011;;2011-04-16 00:00:00.000;2011-04-16 00:00:00.000;1049;179;;2010-09-26 21:08:02.420;1899-12-30 08:00:00.000;1899-12-30 23:00:00.000;35;"BLÍ       ";S;2;NULL
178;Vígslumót Rima 2010;Dalvík;2010-10-16 00:00:00.000;2010-10-16 00:00:00.000;1459;474;;2010-09-28 14:24:00.950;1899-12-30 08:00:00.000;1899-12-30 17:00:00.000;30;"BLÍ       ";L;2;NULL
179;Þorramót Eikar 2011;Íþróttahöllin Akureyri;2011-02-04 00:00:00.000;2011-02-05 00:00:00.000;1446;306;;2010-09-28 14:32:07.840;1899-12-30 08:00:00.000;1899-12-30 23:00:00.000;35;"BLÍ       ";L;2;NULL
180;Haustmót KA 2010;KA-heimilið;2010-11-12 00:00:00.000;2010-11-13 00:00:00.000;1735;15;;2010-10-01 09:00:02.250;1899-12-30 08:00:00.000;1899-12-30 23:00:00.000;35;"BLÍ       ";G;2;NULL
181;Siglómótið 2011;Siglufjörður;2011-02-25 00:00:00.000;2011-02-26 00:00:00.000;1867;2466;;2010-10-08 21:19:31.233;1899-12-30 08:00:00.000;1899-12-30 23:00:00.000;35;"BLÍ       ";L;2;NULL
182;Þorramót Aftureldingar 2011;Varmá Mosfellsbæ;2011-02-05 00:00:00.000;2011-02-05 00:00:00.000;2455;1070;Trimmmót;2010-10-09 11:10:59.467;1899-12-30 09:15:00.000;1899-12-30 17:30:00.000;35;"BLÍ       ";L;2;NULL
183;Iceland Expressmót Fylkis 2011;Fylkishöll;2011-04-09 00:00:00.000;2011-04-09 00:00:00.000;1830;1219;;2010-10-09 11:15:07.997;1899-12-30 08:30:00.000;1899-12-30 20:00:00.000;35;"BLÍ       ";L;2;NULL
184;NEVZA mót félagsliða;Digranes;2010-11-05 00:00:00.000;2010-11-07 00:00:00.000;1008;952;B riðill;2010-11-03 10:04:54.983;1899-12-30 08:00:00.000;1899-12-30 23:00:00.000;90;"NEVZA     ";L;5;NULL
185;Bridgestonebikarinn 2011;Nesk, Gbr, Laugardalshöll;2010-11-19 00:00:00.000;2011-03-20 00:00:00.000;1008;952;;2010-11-04 10:36:42.327;1899-12-30 09:00:00.000;1899-12-30 23:00:00.000;45;"NEVZA     ";L;5;NULL
186;Nýársmót Völsungs 2011;Íþróttahöllinni á Húsavík;2011-01-08 00:00:00.000;2011-01-08 00:00:00.000;1839;74;;2010-11-19 10:41:08.593;1899-12-30 09:00:00.000;1899-12-30 19:30:00.000;25;"BLÍ       ";L;2;NULL
187;HK trimm 2011;;2011-01-22 00:00:00.000;2011-01-23 00:00:00.000;691;2199;;2010-12-01 08:50:47.827;1899-12-30 08:30:00.000;1899-12-30 23:00:00.000;40;"BLÍ       ";L;2;NULL
188;Blakmót Skauta 2011;Íþróttahöllin Akureyri;2011-04-01 00:00:00.000;2011-04-02 00:00:00.000;4167;837;;2011-01-16 21:24:35.263;1899-12-30 08:00:00.000;1899-12-30 23:00:00.000;30;"BLÍ       ";L;2;NULL
189;Öld2011;Vestmannaeyjar;2011-05-05 00:00:00.000;2011-05-07 00:00:00.000;1329;16;36. Öldungamót BLÍ;2011-02-01 21:27:09.530;1899-12-30 09:00:00.000;1899-12-30 21:00:00.000;45;"BLÍ       ";G;3;NULL
190;Bresamót 2011;Jaðarsbakkar Akranesi;2011-03-12 00:00:00.000;2011-03-12 00:00:00.000;4157;2000;;2011-02-21 20:42:12.467;1899-12-30 08:00:00.000;1899-12-30 23:00:00.000;45;"BLÍ       ";L;2;NULL
191;Íslandsmót BLÍ 2011-2012;;2011-10-01 00:00:00.000;2012-04-22 00:00:00.000;1008;952;Mikasadeildin;2011-06-30 09:57:16.343;1899-12-30 08:00:00.000;1899-12-30 23:00:00.000;90;"Ítalskt   ";L;5;NULL
192;Haustmót BLÍ 2011;Austurberg;2011-09-17 00:00:00.000;2011-09-17 00:00:00.000;1008;961;;2011-09-01 10:31:40.200;1899-12-30 09:00:00.000;1899-12-30 23:00:00.000;45;"BLÍ       ";L;3;NULL
193;Haustmót KA 2011;KA-heimilið;2011-11-25 00:00:00.000;2011-11-26 00:00:00.000;1746;15;Árlegt Haustmót KA - opið öllum;2011-09-01 21:41:44.280;1899-12-30 08:00:00.000;1899-12-30 23:55:00.000;35;"BLÍ       ";L;2;NULL
194;Piparköku- og Fjallalambsmót Fylkis 2011;Fylkishöll;2011-12-10 00:00:00.000;2011-12-10 00:00:00.000;1830;1219;Tímamót með aðventukryddi;2011-09-06 21:55:22.577;1899-12-30 08:00:00.000;1899-12-30 19:00:00.000;40;"BLÍ       ";L;2;NULL
195;Þorramót Aftureldingar 2012;;2012-02-04 00:00:00.000;2012-02-04 00:00:00.000;2455;1070;;2011-09-07 22:32:28.590;1899-12-30 09:00:00.000;1899-12-30 18:00:00.000;35;"BLÍ       ";G;2;NULL
196;HK styrktarmót 2011;Fagrilundur;2011-09-24 00:00:00.000;2011-09-24 00:00:00.000;691;2140;;2011-09-12 22:45:00.827;1899-12-30 08:00:00.000;1899-12-30 23:00:00.000;45;"BLÍ       ";L;3;NULL
197;Októbermót Rima 2011;Íþróttamiðstöð Dalvíkur;2011-10-15 00:00:00.000;2011-10-15 00:00:00.000;1459;593;;2011-09-13 20:26:42.310;1899-12-30 08:00:00.000;1899-12-30 23:00:00.000;30;"BLÍ       ";G;2;NULL
198;Eikarmót 2012;Höllin Akureyri;2012-01-27 00:00:00.000;2012-01-28 00:00:00.000;1446;306;;2011-09-13 20:38:36.263;1899-12-30 08:00:00.000;1899-12-30 23:00:00.000;30;"BLÍ       ";L;2;NULL
199;Trölli 2012 (Öldungamót BLÍ);;2012-04-28 00:00:00.000;2012-04-30 00:00:00.000;1867;2466;;2011-09-19 22:17:21.043;1899-12-30 07:15:00.000;1899-12-30 23:45:00.000;45;"BLÍ       ";L;3;NULL
200;Þrettándamót Fylkis 2012;Fylkishöll;2012-01-07 00:00:00.000;2012-01-07 00:00:00.000;1830;112;;2011-09-24 12:06:34.750;1899-12-30 09:00:00.000;1899-12-30 18:00:00.000;40;"BLÍ       ";L;2;NULL
201;Hraðmót Fylkis 2012;Fylkishöll;2012-04-14 00:00:00.000;2012-04-14 00:00:00.000;1830;112;;2011-09-24 12:08:27.763;1899-12-30 08:30:00.000;1899-12-30 17:50:00.000;40;"BLÍ       ";L;2;NULL
202;Asics Bikarinn 2012;Laugardalshöllinni;2011-10-21 00:00:00.000;2012-03-18 00:00:00.000;1008;952;;2011-09-28 13:52:21.700;1899-12-30 10:00:00.000;1899-12-30 23:00:00.000;45;"Ítalskt   ";G;5;NULL
203;Nýársmót Völsungs 2012;Íþróttahöllin Húsavík;2012-01-07 00:00:00.000;2012-01-07 00:00:00.000;1839;74;;2011-09-30 19:46:46.297;1899-12-30 09:00:00.000;1899-12-30 19:00:00.000;30;"BLÍ       ";L;2;NULL
204;Snæfellsbæjarmótið 2011;;2011-11-19 00:00:00.000;2011-11-19 00:00:00.000;1174;566;NULL;2011-10-02 18:00:25.373;1900-01-01 08:00:00.000;1900-01-01 23:00:00.000;45;"BLÍ       ";F;3;NULL
205;Stjörnumótið 2011;Ásgarði;2011-11-12 00:00:00.000;2011-11-12 00:00:00.000;1021;1612;;2011-10-02 18:07:50.967;1899-12-30 08:00:00.000;1899-12-30 23:00:00.000;40;"Öld2000   ";L;2;NULL
206;Laugarvatnsleikar Laugdæla;Íþróttahúsið á Laugarvatni;2012-01-14 00:00:00.000;2012-01-14 00:00:00.000;2058;2444;Hraðmót á öldungahæðir karla og kvenna;2011-10-08 08:18:35.940;1899-12-30 08:00:00.000;1899-12-30 23:00:00.000;45;"BLÍ       ";S;2;NULL
207;Blakmót Skauta 2012;Íþróttahöllin;2012-04-13 00:00:00.000;2012-04-14 00:00:00.000;4167;837;;2011-10-14 16:25:57.143;1899-12-30 08:00:00.000;1899-12-30 23:00:00.000;35;"BLÍ       ";L;2;NULL
208;Siglómótið 2012;;2012-02-24 00:00:00.000;2012-02-25 00:00:00.000;1867;2466;;2011-10-14 16:39:39.520;1899-12-30 08:00:00.000;1899-12-30 23:00:00.000;35;"BLÍ       ";L;2;NULL
209;Kjörísmót 2012;Iðu, Selfossi;2012-04-21 00:00:00.000;2012-04-21 00:00:00.000;1049;179;"Síðasta mót fyrir öldung - mikil keyrsla, blóm og ís. ";2011-10-14 16:58:42.393;1899-12-30 08:30:00.000;1899-12-30 23:00:00.000;40;"BLÍ       ";L;2;NULL
210;"NEVZA Club Championship 2012 ";Digranes;2011-11-04 00:00:00.000;2011-11-06 00:00:00.000;1008;952;Norðurlandamót félagsliða;2011-10-24 16:53:06.813;1899-12-30 08:00:00.000;1899-12-30 23:00:00.000;45;"NEVZA     ";G;5;NULL
211;HK Trimmót 2011;;2011-01-13 00:00:00.000;2011-01-15 00:00:00.000;691;376;NULL;2011-11-19 17:53:33.360;1900-01-01 08:00:00.000;1900-01-01 23:00:00.000;45;"BLÍ       ";F;3;NULL
212;HK Trimm 2012;;2012-01-14 00:00:00.000;2012-01-15 00:00:00.000;691;2199;;2011-11-30 11:35:01.530;1899-12-30 09:15:00.000;1899-12-30 16:00:00.000;40;"BLÍ       ";L;2;NULL
213;Bresamót 2012;Jaðarsbökkum Akranesi;2012-03-03 00:00:00.000;2012-03-03 00:00:00.000;4157;2000;Hraðmót Bresa;2012-01-09 23:54:45.773;1899-12-30 08:30:00.000;1899-12-30 23:00:00.000;40;"BLÍ       ";L;2;NULL
214;UMFÍ 50+;;2012-06-08 23:00:00.000;2012-06-08 23:00:00.000;2455;1070;;2015-01-16 10:14:18.307;1899-12-30 09:10:00.000;1899-12-30 17:00:00.000;50;"BLÍ       ";L;3;NULL
215;Íslandsmót BLÍ 2012-2013;;2012-09-21 00:00:00.000;2013-04-11 00:00:00.000;1008;952;;2012-07-03 17:25:53.980;1899-12-30 08:00:00.000;1899-12-30 23:00:00.000;90;"Ítalskt   ";L;5;NULL
216;Haustmót BLÍ 2012;Fagrilundur;2012-09-15 00:00:00.000;2012-09-15 00:00:00.000;691;1514;;2012-08-28 15:42:57.897;1899-12-30 08:30:00.000;1899-12-30 16:30:00.000;40;"BLÍ       ";L;2;NULL
217;"HK Trimm 2013 ";Fagrilundur;2013-01-12 00:00:00.000;2013-01-13 00:00:00.000;691;1514;;2012-08-28 15:43:48.100;1899-12-30 08:15:00.000;1899-12-30 18:30:00.000;35;"BLÍ       ";L;2;NULL
218;Stjörnumótið 2012;Ásgarður;2012-10-13 00:00:00.000;2012-10-13 00:00:00.000;1021;1151;;2012-09-10 10:41:44.237;1899-12-30 08:00:00.000;1899-12-30 23:00:00.000;40;"BLÍ       ";L;2;NULL
219;Þorramót Aftureldingar 2013;Varmá;2013-02-02 00:00:00.000;2013-02-02 00:00:00.000;2455;2321;;2012-09-10 10:44:40.110;1899-12-30 08:30:00.000;1899-12-30 23:30:00.000;40;"BLÍ       ";L;2;NULL
220;Októbermót Rima 2012;;2012-10-20 00:00:00.000;2012-10-20 00:00:00.000;1459;732;;2012-09-11 13:04:26.267;1899-12-30 08:00:00.000;1899-12-30 23:00:00.000;30;"BLÍ       ";G;2;NULL
221;Kjörísmót 2013;Iðu, Selfossi;2013-04-13 00:00:00.000;2013-04-13 00:00:00.000;1049;177;"Upphitun fyrir öldung - mikil keyrsla, blóm og ís. ";2012-09-21 13:51:48.583;1899-12-30 08:00:00.000;1899-12-30 23:00:00.000;35;"BLÍ       ";L;2;
222;Bikarmót BLÍ 2013;Laugardalshöll;2012-10-19 00:00:00.000;2013-03-25 00:00:00.000;1008;952;Mót 1 í Mosó, Mót 2 í Neskaupstað;2012-09-24 14:35:52.853;1899-12-30 08:00:00.000;1899-12-30 23:00:00.000;45;"Ítalskt   ";L;5;NULL
223;Piparköku- og Fjallalambsmót Fylkis 2012;Fylkishöll;2012-12-08 00:00:00.000;2012-12-08 00:00:00.000;1830;322;Tímamót með aðventukryddi;2012-09-27 09:42:39.053;1899-12-30 08:00:00.000;1899-12-30 16:00:00.000;40;"BLÍ       ";L;2;NULL
224;Blakmót Skauta 2013;;2013-04-05 00:00:00.000;2013-04-06 00:00:00.000;4167;3241;;2012-09-29 23:32:34.117;1899-12-30 08:00:00.000;1899-12-30 23:59:00.000;35;"BLÍ       ";L;2;NULL
225;20 ára afmælismót Blakdeildar Fylkis;Fylkishöll;2013-04-06 00:00:00.000;2013-04-06 00:00:00.000;1830;112;Næstsíðasta lag fyrir fréttir;2012-09-29 23:36:09.130;1899-12-30 08:05:00.000;1899-12-30 18:10:00.000;35;"BLÍ       ";L;2;NULL
226;Eikarmót 2013;Höllin Akureyri;2013-01-25 00:00:00.000;2013-01-26 00:00:00.000;1446;306;;2012-10-16 00:16:08.937;1899-12-30 08:00:00.000;1899-12-30 23:00:00.000;30;"BLÍ       ";L;2;NULL
227;Haustmót KA 2012;KA heimilið;2012-11-23 00:00:00.000;2012-11-24 00:00:00.000;1735;15;Árlegt haustmót KA;2012-10-18 23:49:46.860;1899-12-30 08:00:00.000;1899-12-30 23:30:00.000;35;"BLÍ       ";L;2;NULL
228;Siglómótið 2013;Siglufjörður;2013-02-23 00:00:00.000;2013-02-23 00:00:00.000;1867;1839;Hraðmót;2012-10-21 21:42:22.813;1899-12-30 08:00:00.000;1899-12-30 17:55:00.000;35;"BLÍ       ";L;2;NULL
229;Nýársmót Völsungs 2013;;2013-01-11 00:00:00.000;2013-01-12 00:00:00.000;1839;1065;;2012-11-09 19:37:36.580;1899-12-30 20:30:00.000;1899-12-30 20:00:00.000;35;"BLÍ       ";L;2;NULL
230;HKarlinn 2013;Kórnum, Kópavogi;2013-04-28 00:00:00.000;2013-04-30 00:00:00.000;691;395;Öldungamót BLÍ 2013;2013-01-17 14:38:19.817;1899-12-30 09:00:00.000;1899-12-30 21:00:00.000;45;"BLÍ       ";G;3;NULL
231;Bresamót 2013;Jaðarsbakkar;2013-03-02 00:00:00.000;2013-03-02 00:00:00.000;4157;3802;;2013-01-20 23:20:13.200;1899-12-30 09:00:00.000;1899-12-30 23:00:00.000;45;"BLÍ       ";L;3;NULL
232;Íslandsmót 2013-2014;Margir;2013-09-15 00:00:00.000;2014-04-27 00:00:00.000;1008;952;Mikasadeild;2013-07-05 12:59:44.727;1899-12-30 08:00:00.000;1899-12-30 23:00:00.000;45;"Ítalskt   ";L;5;
233;Bikarkeppni BLÍ 2014;Laugardalshöll;2013-11-22 00:00:00.000;2014-03-17 00:00:00.000;1008;952;;2013-07-05 13:00:30.153;1899-12-30 08:00:00.000;1899-12-30 23:00:00.000;90;"Ítalskt   ";G;5;NULL
234;Haustmót BLÍ;Frjálsíþróttahöll;2013-09-13 00:00:00.000;2013-09-14 00:00:00.000;1008;952;;2013-08-29 16:47:02.127;1899-12-30 08:00:00.000;1899-12-30 23:00:00.000;45;"BLÍ       ";L;3;NULL
235;Kjörísmót 2014;Iðu, Selfossi;2014-04-12 00:00:00.000;2014-04-12 00:00:00.000;1049;177;"Upphitun fyrir öldung - mikil keyrsla, blóm og ís. ";2013-08-30 09:21:36.480;1899-12-30 08:00:00.000;1899-12-30 23:00:00.000;40;"BLÍ       ";G;2;#Kjorismot2014
236;Haustmót HK 2013;Fagrilundur;2013-09-21 00:00:00.000;2013-09-21 00:00:00.000;691;1514;Hraðmót eins og þau gerast best!;2013-09-09 20:06:34.207;1899-12-30 08:30:00.000;1899-12-30 18:00:00.000;35;"BLÍ       ";L;2;NULL
237;HK Trimm 2014;Fagrilundur;2014-01-11 00:00:00.000;2014-01-12 00:00:00.000;691;1514;Hraðmót - 2 hrinur uppí 21;2013-09-09 20:07:42.583;1899-12-30 08:15:00.000;1899-12-30 18:00:00.000;35;"BLÍ       ";L;2;NULL
238;Stjörnumótið 2013;Ásgarður, Garðabæ;2013-10-19 00:00:00.000;2013-10-19 00:00:00.000;1021;202;;2013-09-09 20:11:35.267;1899-12-30 08:00:00.000;1899-12-30 23:00:00.000;40;"BLÍ       ";G;3;NULL
239;Fjallalambs(jóla)mót Fylkis 2013;Fylkishöll;2013-11-30 00:00:00.000;2013-11-30 00:00:00.000;1830;322;Tímamót með aðventukryddi;2013-09-19 09:15:36.423;1899-12-30 08:00:00.000;1899-12-30 18:00:00.000;40;"BLÍ       ";L;2;NULL
240;Októbermót Rima 2013;Dalvík;2013-10-18 00:00:00.000;2013-10-19 00:00:00.000;1459;1245;;2013-09-22 21:57:59.510;1899-12-30 08:00:00.000;1899-12-30 23:00:00.000;30;"BLÍ       ";L;2;NULL
241;Þorramót Aftureldingar 2014;;2014-02-22 00:00:00.000;2014-02-22 00:00:00.000;2455;692;;2013-09-23 17:42:36.077;1899-12-30 09:30:00.000;1899-12-30 17:00:00.000;40;"BLÍ       ";G;2;NULL
242;Haustmót KA 2013;KA-kofinn og Höllin;2013-11-22 00:00:00.000;2013-11-23 00:00:00.000;1735;2805;Trimmmót;2013-09-23 17:45:36.610;1899-12-30 08:00:00.000;1899-12-30 23:30:00.000;30;"BLÍ       ";G;2;NULL
243;Hraðmót Fylkis 2014;Fylkishöll;2014-04-05 00:00:00.000;2014-04-05 00:00:00.000;1830;322;;2013-10-02 11:12:48.060;1899-12-30 08:00:00.000;1899-12-30 18:00:00.000;35;"BLÍ       ";L;2;
244;Eikarmótið 2014;;2014-01-31 00:00:00.000;2014-02-01 00:00:00.000;1446;306;;2013-10-07 19:30:34.193;1899-12-30 08:00:00.000;1899-12-30 23:30:00.000;30;"BLÍ       ";G;2;NULL
245;Siglómótið 2014;Fjallabyggð;2014-02-21 00:00:00.000;2014-02-22 00:00:00.000;1867;1839;Hraðmót;2013-10-15 22:02:45.500;1899-12-30 08:00:00.000;1899-12-30 23:00:00.000;35;"BLÍ       ";L;2;NULL
246;Nýársmót Völsungs 2014;Íþróttahöllin Húsavík;2014-01-10 00:00:00.000;2014-01-11 00:00:00.000;1839;1065;;2013-10-15 22:05:40.060;1899-12-30 08:00:00.000;1899-12-30 23:00:00.000;30;"BLÍ       ";L;2;NULL
247;Blakmót Skauta 2014;Íþróttahöllin á Akureyri;2014-04-04 00:00:00.000;2014-04-05 00:00:00.000;4167;833;;2013-10-31 20:16:20.733;1899-12-30 08:00:00.000;1899-12-30 23:59:00.000;35;"BLÍ       ";L;2;NULL
248;Blakmót Bresa;Jaðarsbökkum;2014-03-22 00:00:00.000;2014-03-22 00:00:00.000;4157;1314;;2013-12-06 11:59:18.830;1899-12-30 08:30:00.000;1899-12-30 23:00:00.000;35;"BLÍ       ";L;2;
249;KAleikur 2014 (Öldungamót BLÍ);Akureyri;2014-05-01 00:00:00.000;2014-05-03 00:00:00.000;1735;767;39. Öldungamót BLÍ á Akureyri 2014;2014-01-22 00:08:19.327;1899-12-30 08:00:00.000;1899-12-30 23:00:00.000;45;"BLÍ       ";G;3;#kaleikur2014
250;Íslandsmót BLÍ 2014-2015;;2014-09-15 00:00:00.000;2015-05-15 00:00:00.000;1008;952;Mikasadeild;2014-07-16 12:21:23.257;1899-12-30 08:00:00.000;1899-12-30 23:00:00.000;45;"Ítalskt   ";U;5;
